minFrequency,duration,currentMemoryUsage,Peak
0.9,3.0969595000000005,0.007198333740234375,3.2830123901367188
