minFrequency,duration
0.95,0.0004246460000558727
0.9,0.0003702250000969798
0.8,0.00035956900001110625
0.7,0.00040266100018016004
0.6,0.0005417449999640667
0.5,0.0006960159998925519
0.4,0.0006978850001360115
0.3,0.0007660999999643536
0.2,0.0007859199999984412
0.1,0.0008729930000299646
