minFrequency,duration,currentMemoryUsage,peak,Peak
0.9,1.7902199149998523,0.036426544189453125,,3.4121837615966797
0.8,1.9413189550000425,0.008099555969238281,,3.4055004119873047
0.7,2.017056438000054,0.019098281860351562,,3.404939651489258
0.6,2.440212838000207,0.020964622497558594,,3.4077701568603516
0.5,4.452930458000083,0.014363288879394531,,3.4075756072998047
0.4,13.019891674999599,0.0642242431640625,,3.418715476989746
0.3,51.913010015000054,0.037253379821777344,,3.6981725692749023
0.2,1418.7876228909995,0.3961019515991211,,17.969797134399414
