minFrequency,duration
0.9,0.00038530000000003284
0.8,0.00027650000000001285
0.7,0.00029930000000000234
0.6,0.00031930000000002234
0.5,0.00044399999999988893
0.4,0.00035519999999999996
0.3,0.0004244999999998278
0.2,0.0004642000000001367
0.1,0.0005441000000001583
