minFrequency,duration,currentMemoryUsage,Peak
0.9,3.0661061,0.009761810302734375,3.282351493835449
0.8,4.053550999999999,0.00033092498779296875,3.2808170318603516
0.7,4.1306592,0.00030803680419921875,3.2808170318603516
0.6,4.499670500000001,0.0005369186401367188,3.2808170318603516
0.5,8.164730400000003,0.0012693405151367188,3.2808170318603516
0.4,23.4748863,0.007195472717285156,3.280916213989258
0.3,95.8793327,0.0015668869018554688,3.4844465255737305
