minFrequency,duration
0.95,0.000169181999808643
0.9,0.00014899100006005028
0.8,0.00014576299986401864
0.7,0.00018152500001633598
0.6,0.00039891400001579314
0.5,0.0004543560000911384
0.4,0.0004934020000746386
0.3,0.0006439789999603818
0.2,0.0008603609999227047
0.1,0.0009834280001541629
