minFrequency,duration,currentMemoryUsage,Peak
0.9,3.291680799999999,0.0,0.0
0.8,59.568255699999995,0.0,0.0
