minFrequency,duration
0.8,0.00047520000000000895
0.7,0.0003613999999999562
0.6,0.0003856999999999333
0.5,0.0004302999999999946
0.4,0.00042640000000004896
0.3,0.0005376000000000269
0.2,0.0006235999999999464
0.1,0.0007607000000000586
