minFrequency,duration,currentMemoryUsage,Peak
0.9,4.103581,0.007678031921386719,8.951312065124512
0.8,5.480100799999999,0.005869865417480469,14.206233024597168
0.7,4.3058271999999995,0.0048828125,16.45637035369873
0.6,4.418546099999997,0.004527091979980469,18.20728588104248
0.5,4.928774500000003,0.004580497741699219,20.712244987487793
0.4,7.892709799999992,0.008755683898925781,28.6073579788208
0.3,27.928182700000008,0.006009101867675781,34.495755195617676
