minFrequency,duration,currentMemoryUsage,Peak
0.9,3.1008573999999998,0.007198333740234375,3.2830123901367188
