minFrequency,duration,currentMemoryUsage,Peak
0.9,4.124855500000001,0.008097648620605469,8.941981315612793
